parameter	soort_nl	soort_wet	meetcyclus	ref_meetcyclus	periode	ref_periode	mean	sd	lcl_0.30	lcl_0.60	lcl_0.90	lcl_0.95	ucl_0.30	ucl_0.60	ucl_0.90	ucl_0.95	duur_meetcyclus	jaar_min	jaar_max	regio
index	Argusvlinder	Lasiommata megera	2	1	2019-2021	2016-2018	0.633504	0.136291	0.573814	0.516606	0.434516	0.404373	0.669086	0.742898	0.888261	0.936586	3	2019	2021	Antwerpse haven
index	Argusvlinder	Lasiommata megera	2	1	2019-2021	2016-2018	0.412721	0.0845438	0.374446	0.344961	0.290384	0.265875	0.43639	0.479839	0.568002	0.603324	3	2019	2021	Kustduinen en polders
index	Argusvlinder	Lasiommata megera	3	1	2022-2024	2016-2018	1.14102	0.228335	1.04171	0.945363	0.802063	0.757711	1.20681	1.32468	1.5458	1.63867	3	2022	2024	Antwerpse haven
index	Argusvlinder	Lasiommata megera	3	1	2022-2024	2016-2018	0.425984	0.0889286	0.387802	0.351621	0.29857	0.274466	0.449509	0.492095	0.589199	0.62206	3	2022	2024	Kustduinen en polders
index	Heivlinder	Hipparchia semele	2	1	2019-2021	2016-2018	0.272511	0.0509761	0.250667	0.22809	0.198375	0.188196	0.28588	0.310748	0.359862	0.38196	3	2019	2021	Antwerpen en Limburg
index	Heivlinder	Hipparchia semele	2	1	2019-2021	2016-2018	1.14938	0.237597	1.04532	0.953451	0.787905	0.742983	1.21343	1.33367	1.57764	1.67415	3	2019	2021	Kust
index	Heivlinder	Hipparchia semele	3	1	2022-2024	2016-2018	0.637075	0.112881	0.583155	0.537043	0.474282	0.442083	0.674616	0.727911	0.831521	0.878057	3	2022	2024	Antwerpen en Limburg
index	Heivlinder	Hipparchia semele	3	1	2022-2024	2016-2018	0.580254	0.134375	0.51334	0.467264	0.385194	0.365241	0.619934	0.687796	0.823322	0.882149	3	2022	2024	Kust
